subject,count
"57th Street Art Fair (Chicago, Illinois)",1
Abercrombie's Ticonderoga Campaign (New York : 1758),2
Abscam Bribery Scandal (1980),3
"Abu Ageila, Battle of (Abū ʻUjaylah, Egypt : 1956)",4
"Abu Ageila, Battle of (Abū ʻUjaylah, Egypt : 1967)",5
Accra Sports Stadium Disaster (Ghana : 2001),6
"Adrianople, Battle of (Edirne, Turkey : 378)",7
"Advanced Seminar on Maya Hieroglyphic Writing (Austin, Texas)",8
"African Film Festival (Columbia College (Chicago, Illinois))",9
Agricultural Outlook Conference (United States),10
Al-Aqsa Intifada (2000-),11
Alaska Earthquake (Alaska : 1964),12
Albanian-Venetian War (1447-1448),13
Albany County Fair (Wyoming),14
"Alcazarquivir, Battle of (Qaṣr al-Kabīr, Larache, Morocco : 1578)",15
"Almansa, Battle of (Albacete, Spain : 1707)",16
"Alton, Battle of (Hampshire, England : 1643)",17
American Civil War (1861-1865),18
American Revolution Bicentennial (1976),19
American Royal Live Stock Show (1901-approximately 1937),20
Amherst's Expedition against Ticonderoga and Crown Point (New York : 1759),21
"Anglo-Burmese War, 1st (1824-1826)",22
"Anglo-Burmese War, 2nd (1852)",23
"Anglo-Burmese War, 3rd (1885)",24
Anglo-Dutch War (1664-1667),25
Anglo-Dutch War (1780-1784),26
Anglo-French War (1755-1763),27
Anglo-French War (1778-1783),28
Anglo-French War (1793-1802),29
Anglo-Spanish War (1739-1748),30
Annual Commonwealth Conference,31
Annual History of Medicine Days (Conference),32
Annual Symposium on Optical Materials for High Power Lasers,33
Antioquia Revolution (Colombia : 1840-1841),34
"Anual, Battle of (Annoual, Morocco : 1921)",35
"Anzio, Battle of (Italy : 1944)",36
"Aquae Sextiae, Battle of (Aix-en-Provence, France : 102 B.C.)",37
Archaeological Exploration of Sardis (Program),38
Argentine-Brazilian War (1825-1828),39
Armada (1588),40
Armenian massacres (1894-1896),41
Armenian massacres (1909),42
Armenian massacres (1915-1923),43
Arun Valley Wildlife Expedition,44
"Asculum, Battle of (Ascoli Satriano, Italy : 279 B.C.)",45
Ashanti War (1873-1874),46
"Asian Art in London (Festival : London, England)",47
Asian Studies on the Pacific Coast Conference,48
Astrolabe Expedition (1826-1829),49
"Aughrim, Battle of (Galway, Ireland : 1691)",50
"Austrian Succession, War of (1740-1748)",51
Austro-Italian War (1866),52
Austro-Prussian War (1866),53
Austro-Sardinian War (1848-1849),54
Austro-Turkish War (1661-1664),55
Austro-Turkish War (1683-1699),56
"Auto-Lite (Firm) Strike (Toledo, Ohio : 1934)",57
"Autumn Trails (Winnsboro, Texas)",58
"Ayacucho, Battle of (Peru : 1824)",59
"Azua, Battle of (Azua de Compostela, Dominican Republic : 1844)",60
Baden Disputation (Switzerland : 1526),61
"Badr, Battle of (Badr Ḥunayn, Saudi Arabia : 624)",62
"Bali Bombings (Kuta, Bali, Indonesia : 2002)",63
Bar Kokhba Rebellion (132-135),64
Barcelona Disputation (Spain : 1263),65
"Barnet, Battle of (London, England : 1471)",66
Belgian Expedition to China (Projected : 1900),67
"Belmont, Battle of (Missouri : 1861)",68
"Beresteczko, Battle of (Ukraine : 1651)",69
Berlin Wall (Germany : 1961-1989),70
Berlingske tidene (Copenhagen : 1977),71
"Berlingske tidene, Copenhagen Strike (1977)",72
Berner Synodus (1532),73
Besançon Mission (France : 1825),74
Bhopal Union Carbide Plant Disaster (India : 1984),75
"Bible Conference (Winona Lake, Indiana)",76
"Bienále ilustrácií, Bratislava",77
"Biennale d'art contemporain (Brest, France)",78
"Big Blue, Battle of the (Missouri : 1864)",79
Bilbao Regatta (Spain : 1907),80
Biscuit Fire (2002),81
Black Hawk War (1832),82
"Black Hole Incident (Kolkata, India : 1756)",83
"Blenheim, Battle of (Bavaria, Germany : 1704)",84
"Blenheim, Battle of (Blindheim, Bavaria, Germany : 1704)",85
"Blossomtime Festival (Benton Harbor and St. Joseph, Michigan)",86
"Blossomtime Festival (Benton Harbor, Michigan and St. Joseph, Michigan)",87
"Blue Springs, Battle of (Mosheim, Tennessee : 1863)",88
"Blue Springs, Battle of (Mosheim, Tennessee : 1864)",89
Bombay Riots (India : 1992-1993),90
"Bombay Riots (Mumbai, India : 1992-1993)",91
Bondelswarts Rebellion (Namibia : 1922),92
Bonite Expedition,93
"Borodino, Battle of (Mozhaĭskiĭ raĭon, Russia : 1812)",94
Boston Tea Party (Massachusetts : 1773),95
"Boyacá, Battle of (Boyacá, Colombia : 1819)",96
"Boyacá, Battle of (Colombia : 1819)",97
Bristol Bridge Massacre (England : 1793),98
British Antarctic Expedition (1898-1900),99
British Open (Golf tournament),100
"Brownstown, Battle of (Michigan : August 5, 1812)",101
Bruneval Raid (France : 1942),102
"Brzeziny, Battle of (Łódź, Poland : 1914)",103
"Bull Run, 1st Battle of (Virginia : 1861)",104
"Bumbershoot Festival (Seattle, Washington)",105
"Bunker Hill, Battle of (Boston, Massachusetts : 1775)",106
Burke and Wills Expedition (1860-1861),107
"Byczyna, Battle of (Opole, Poland : 1588)",108
"Callao, Battle of (Callao, Peru : 1866)",109
Cambodian-Vietnamese Conflict (1977-1991),110
Cambridge Anthropological Expedition to Torres Straits (1898),111
Cananea Consolidated Copper Co. Strike (1906),112
"Capitola Begonia Festival (Capitola, California)",113
Capitulation of Paris (France : 1814),114
Capitulation of Paris (France : 1815),115
"Caporetto, Battle of (Kobarid, Slovenia : 1917)",116
Capture of Sint Eustatius by the British (1781),117
"Carabobo, Battle of (Venezuela : 1821)",118
Cardiff Explosives Trial (Wales : 1983),119
Carlist War (Spain : 1873-1876),120
"Castro, War of (1642-1644)",121
"Celaya, 1st Battle of (Guanajuato, Mexico : 1915)",122
"Celaya, 2nd Battle of (Guanajuato, Mexico : 1915)",123
Centennial Exhibition,124
Centralia Massacre (Washington : 1919),125
"Centre County Grange Fair (Centre Hall, Pennsylvania)",126
"Cer, Battle of (Serbia : 1914)",127
"Ceresole, Battle of (Ceresole Alba, Italy : 1544)",128
Chaco War (1932-1935),129
"Chaeronea, Battle of (Greece : 338 B.C.)",130
"Champagne, Battles of (France : 1914-1917)",131
"Champigny, Battle of (Champigny-sur-Marne, France : 1870)",132
"Chapultepec, Battle of (Mexico City, Mexico : 1847)",133
"Chengtu Incident (Chengdu, China : 1936)",134
Cherek Massacre (Russia : 1942),135
"Cheriton, Battle of (Hampshire, England : 1644)",136
"Chernobyl Nuclear Accident (Chornobylʹ, Ukraine : 1986)",137
Cherry Mine Disaster (Illinois : 1909),138
"Chestnut Hill, Battle of (Philadelphia, Pennsylvania : 1777)",139
Cheyenne Frontier Days (Celebration),140
Chinese reunification question (1949-),141
"Chipyong-ni, Battle of (Chipʻyŏng-ni, Korea : 1951)",142
"Chocim, Battle of (Khotyn, Ukraine : 1621)",143
"Chocim, Battle of (Khotyn, Ukraine : 1673)",144
"Cinco de Mayo, Battle of (Puebla, Mexico : 1862)",145
"Cinefest (Syracuse, N.Y.)",146
"Ciudad Juárez, Battle of (Mexico : 1911)",147
Civil War (Liberia : 1989-1996),148
Civil War (Sierra Leone : 1991-2002),149
"Clark's Mill, Battle of (Missouri : 1862)",150
"Clark's Mill, Battle of (Vera Cruz, Missouri : 1862)",151
Coal Strike (Great Britain : 1984-1985),152
Coeur d'Alene Miners' Strike (Idaho : 1899),153
"Colle, Battle of (Colle di Val d'Elsa, Italy : 1269)",154
Cologne Communist Trial (Germany : 1852),155
Colombia.Convención de Ocaña (1828),156
Columbus Quincentenary (1992-1993),157
Commonwealth Conference (Oregon),158
Conference of the Contracting Parties,159
Conference on Security and Cooperation in Europe,160
Congrès mondial acadien,161
Congreso Nacional de Educacíon (1989),162
ConStellation (Conference),163
Conversations on International Organization,164
"Cook's Mills, Battle of (Welland, Ontario : 1814)",165
Copper Miners' Strike (Michigan : 1913-1914),166
Cossack-Polish War (1648-1657),167
"Cotton Textile Workers' Strike (Preston, Lancashire, England : 1853-1854)",168
Coup d'état (Turkey : 1960),169
Crawford Open (Exhibition),170
"Crécy, Battle of (Crécy-en-Ponthieu, France : 1346)",171
Creek War (1813-1814),172
Creek War (1836),173
Crimean War (1853-1856),174
Cripple Creek Strike (Colorado : 1903-1904),175
"Crooked Billet, Battle of (Hatboro, Pennsylvania : 1778)",176
"Cross Keys, Battle of (Rockingham County, Virginia : 1862)",177
Crown Point Expedition (New York : 1755),178
Crusades (First : 1096-1099),179
Cuban Missile Crisis (1962),180
"Cudnów, Battle of (Chudniv, Ukraine : 1660)",181
"Curaçao Riots (Willemstad,Curaçao : 1969)",182
"Curupaity, Battle of (Ñeembucú, Paraguay : 1866)",183
"Cussey, Battle of (Cussey-sur-l'Ognon, France : 1870)",184
Cyclone Sina (1990),185
Cyprian War (1570-1571),186
Częstochowa Trials (Poland : 1945-1950),187
Dachau Trial (Germany : 1946),188
"Dakota County Fair (Dakota County, Minnesota)",189
"Danebod Folk Meeting (Tyler, Minnesota)",190
Dano-Swedish War (1643-1645),191
Danske dybhavsekspedition jorden rundt,192
"Dayr al Qamar, Lebanon, Massacre of (1860)",193
"Delaware County Fair (Delaware County, New York)",194
"Delphi, Battle of (Delphi : 279 B.C.)",195
Deportations (1939-1945 : World War),196
Deportations from Austria (1939-1945 : World War),197
Deportations from Belgium (1939-1945 : World War),198
Deportations from Czechoslovakia (1939-1945 : World War),199
Deportations from Estonia (1939-1945 : World War),200
Deportations from Finland (1939-1945 : World War),201
Deportations from France (1939-1945 : World War),202
Deportations from Germany (1939-1945 : World War),203
Deportations from Hungary (1939-1945 : World War),204
Deportations from Italy (1939-1945 : World War),205
Deportations from Java (1939-1945 : World War),206
Deportations from Latin America (1939-1945 : World War),207
Deportations from Latvia (1939-1945 : World War),208
Deportations from Lithuania (1939-1945 : World War),209
Deportations from Luxembourg (1939-1945 : World War),210
Deportations from Malta (1939-1945 : World War),211
Deportations from Peru (1939-1945 : World War),212
Deportations from Poland (1939-1945 : World War),213
Deportations from Romania (1939-1945 : World War),214
Deportations from Sweden (1939-1945 : World War),215
Deportations from the Baltic States (1939-1945 : World War),216
Deportations from the Channel Islands (1939-1945 : World War),217
Deportations from the Soviet Union (1939-1945 : World War),218
Deportations from Ukraine (1939-1945 : World War),219
Deportations from Yugoslavia (1939-1945 : World War),220
Derby Lockout (England : 1833-1834),221
"Dettingen, Battle of (Karlstein, Unterfranken, Germany : 1743)",222
Deutsche Afrika-expeditionen,223
Deutsche Zentralafrika-Expedition,224
Dhahran Military Housing Facility Bombing (Saudi Arabia : 1996),225
"Diaoyu Cheng, Battle of (Diaoyu Cheng : 1259)",226
"Dien Bien Phu, Battle of (Điện Biên Phủ, Vietnam : 1954)",227
"Ditch, Battle of the (Medina, Saudi Arabia : 627)",228
"Dograi, Battle of (Dograe, Pakistan : 1965)",229
"Dong Ha, Battle of (Đông Hà, Vietnam : 1972)",230
"Dong Khe, Battle of (Đông Khê, Vietnam : 1950)",231
"Dumlupınar, Battle of (Kütahya İli, Turkey : 1922)",232
Dunblane Massacre (Scotland : 1996),233
"Dunkirk, Battle of (Dunkerque, France : 1940)",234
"Durazzo, Battle of (Durrës, Albania : 1918)",235
Dutch War (1672-1678),236
"Ebelsberg, Battle of (Linz, Austria : 1809)",237
Economic and Financial Conference,238
Ecuador-Peru Conflict (1941),239
Ecuador-Peru Conflict (1981),240
"Edgecote, Battle of (Edgcote, England : 1469)",241
Edinburgh International Festival,242
Edinburgh International Television Festival,243
Eighty Years' War (Netherlands : 1568-1648),244
El Salvador-Honduras Conflict (1969),245
Empire Potato Collecting Expedition to South America,246
"Enzheim, Battle of (Entzheim, France : 1674)",247
Eritrean-Ethiopian War (1998-2000),248
Eruption of Mount Ruapehu (New Zealand : 1969),249
Esposizione internazionale di Roma,250
Esso Longford Gas Plant Accident (Victoria : 1998),251
Etaples Mutiny (France : 1917),252
"European Fine Art Fair (Maastricht, Netherlands)",253
Evacuation and relocation of Japanese Americans (United States : 1942-1945),254
"Evacuation Day (New York, New York : 1783)",255
Evacuation of civilians (1939-1945 : World War),256
Exhibition of Watercolors by American Artists,257
Expédition antarctique belge (1897-1899),258
Expédition antarctique belge (1957-1958),259
Expédition antarctique française,260
Expedition of the Thousand (Italy : 1860),261
Expo (International Exhibitions Bureau),262
Expo (Proposed exposition),263
Expo (Publi Promo Ltd),264
Expo 2000 (Project),265
Exposition internationale,266
Expulsion of the Acadians (Nova Scotia : 1755),267
"Eylau, Battle of (Bagrationovsk, Russia : 1807)",268
Falkland Islands War (1982),269
Famous (Expedition),270
Farmers' Strike (Poland : 1937),271
"Farmers' Week (East Lansing, Michigan)",272
"Farmers' Week (East Lansing, Mighigan)",273
Farmington Mine Disaster (W. Virginia : 1968),274
Farmington Mine Disaster (West Virginia : 1968),275
"Fayette County Fair (Fayette County, Indiana)",276
"Federalist Revolution (Rio Grande do Sul, Brazil : 1893-1895)",277
Festival Film Indonesia,278
Festival Internacional de Poesía de Medellín,279
"Festival international d'art lyrique et de musique (Aix-en-Provence, France)",280
Festival international de jazz de Montréal,281
Festival of Festivals,282
Fetterman Fight (Wyoming : 1866),283
"Fiesta San Antonio (San Antonio, Texas)",284
"Fiesta San Jacinto (San Antonio, Texas)",285
Fifteen Years' War (1591-1606),286
"First Coalition, War of the (1792-1797)",287
"Fishguard, Battle of (Wales : 1797)",288
"Flagstaff All-Indian Pow-Wow (Flagstaff, Arizona)",289
"Flores, Battle of (Azores : 1591)",290
"Fontenoy, Battle of (Hainaut, Belgium : 1745)",291
Forbes Expedition against Fort Duquesne (Pennsylvania : 1758),292
"Fornovo, Battle of (Fornovo di Taro, Italy : 1495)",293
"Fort Sanders, Battle of (Knoxville, Tennessee : 1863)",294
"Fort Stedman, Battle of (Petersburg, Virginia : 1865)",295
Franco-Prussian War (1870-1871),296
Franco-Spanish War (1635-1659),297
"Frankenhausen, Battle of (Bad Frankenhausen, Germany : 1525)",298
"Fredericktown, Battle of (Missouri : 1861)",299
"Freiburg, Battle of (Freiburg im Breisgau, Germany : 1644)",300
French and Indian War (United States : 1754-1763),301
French Revolution Bicentennial (1989),302
"Friedland, Battle of (Pravdinsk, Kaliningradskai︠a︡ oblastʹ, Russia : 1807)",303
Frog Lake Massacre (Alberta : 1885),304
"Frog Lake Massacre (Frog Lake, Alberta : 1885)",305
"Fulton Bag and Cotton Mills Strike (Atlanta, Georgia : 1914-1915)",306
"Funsten Nut Company Strike (Saint Louis, Missouri : 1933)",307
G7 Summit,308
Gardelegen Massacre (Germany : 1945),309
"Garrison Mob (Boston, Massachusetts : 1835)",310
"Gaza, Battles of (Gaza : 1917)",311
General Missionary Conference for South Africa,312
"General Motors do Brasil Strike (São Jose dos Campos, São Paulo, Brazil : 1985)",313
General Strike (Great Britain : 1926),314
"General Strike (Saint Louis, Missouri : 1877)",315
General Strike (Sweden : 1909),316
German reunification question (1949-1990),317
German Tibet Expedition,318
"Germantown, Battle of (Philadelphia, Pennsylvania : 1777)",319
"Gettysburg, Battle of (Pennsylvania : 1863)",320
Gilliam County Fair,321
Gilliam County Fair (Oregon),322
Giro d'Italia (Bicycle race),323
Gnadenhutten Massacre (Ohio : 1782),324
Goldfield Strike (Nevada : 1907),325
Goliad Massacre (Texas : 1836),326
"Goodhue County Fair (Goodhue County, Minnesota)",327
Governor's Capitol Art Exhibition (Wyoming),328
Governor's Conference on Aging (New York),329
Governor's Traffic Safety Conference (California),330
"Grahovac, Battle of (Montenegro : 1858)",331
"Grand Alliance, War of the (1689-1697)",332
Grands Voiliers à Bordeaux (France : 1990),333
Grands voiliers à Bordeaux (Race),334
Greco-Turkish War (1921-1922),335
Greely Relief Expedition (1883),336
Gresford Colliery Disaster (Wales : 1934),337
"Grochów, Battle of (Warsaw, Poland : 1831)",338
Guadalajara Gasoline Explosions (Mexico : 1992),339
"Guadalajara, Battle of (Brihuega, Spain : 1937)",340
"Gualán, Battle of (Guatemala : 1954)",341
"Guararapes, Battle of (Brazil : 1648)",342
"Guararapes, Battle of (Brazil : 1649)",343
Guatemala Earthquake (1976),344
Guayaquil Interview (Ecuador : 1822),345
"Guilin, Battle of (Guangxi Zhuangzu Zizhiqu, China : 1944)",346
Gunpowder Plot (1605),347
"Hakodate, Battle of (Hakodate-shi, Japan : 1868-1869)",348
Halifax Explosion (Nova Scotia : 1917),349
"Hanover, Battle of (York County, Pennsylvania : 1863)",350
Harrisburg Seven Trial (Pennsylvania : 1972),351
Hartford Circus Fire (Connecticut : 1944),352
Haun's Mill Massacre (Missouri : 1838),353
"Haymarket Square Riot (Chicago, Illinois : 1886)",354
"Hejaz (Kingdom).Delegation (Paris Peace Conference, 1919-1920)",355
Hillcrest Mine Disaster (Alberta : 1914),356
"Hollabrunn, Battle of (Hollabrunn, Austria : 1805)",357
"Holocaust, Jewish (1939-1945)",358
Homelessness Marathon,359
Homestead Strike (Pennsylvania : 1892),360
Hone Heke's Rebellion (New Zealand : 1844-1846),361
"Hoti and Gruda, Battle of (Montenegro : 1880)",362
"Huamachuco, Battle of (La Libertad, Peru : 1883)",363
"Hue, Battle of (Hué̂, Vietnam : 1968)",364
Hundred Years' War (1339-1453),365
Hyden Coal Mine Disaster (Kentucky : 1970),366
"Imphal, Battle of (Imphāl, India : 1944)",367
Indian Economic Association.Conference,368
Indian Wars (Comanche : 1859-1860),369
India-Pakistan Conflict (1947-1949),370
India-Pakistan Conflict (1965),371
India-Pakistan Conflict (1971),372
Indochinese War (1946-1954),373
"İnönü, Battles of (Bilecik İli, Turkey : 1921)",374
"Insurrection (Peloponnesus, Greece : 1770)",375
Interferenzen (Exhibition),376
"International (Golf tournament : Castle Pines, Colorado)",377
International Antiquarian Book Fair (Antiquarian Booksellers Association of America),378
"International Azalea Festival (Norfolk, Virginia)",379
"International Biennale of Architecture (Kraków, Poland)",380
"International Conference on Asteroids, Comets, Meteors",381
"International Conference on Compilers, Architecture, and Synthesis for Embedded Systems",382
International Conference on Deaf Culture,383
International Conference on Environmental Education (1977- ),384
International Congress of Hygiene and Demography,385
International Congress of South-East European Research Studies,386
International Congresses for Modern Architecture,387
"International Exhibition of Paintings (Pittsburgh, Pennsylvania)",388
"International Folk Festival (Duluth, Minnesota)",389
International Poetry Festival (1970),390
International Press Exhibition,391
"International Relations Conference (International Peace Garden, Manitoba and North Dakota)",392
"International Relations Conference (International Peace Garden, Manitoba and Notth Dakota)",393
International Women's Decade (1976-1985),394
International Women's Year (1975),395
Intifada (1987-1993),396
Iran Hostage Crisis (1979-1981),397
Iran-Contra Affair (1985-1990),398
Iran-Iraq War (1980-1988),399
Iraq War (2003-2011),400
Iraq-Kuwait Crisis (1990-1991),401
Irish Union (1801),402
"Ishigakibaru, Battle of (Beppu-shi, Japan : 1600)",403
Israel-Arab Border Conflicts (1949-),404
Israel-Arab War (1948-1949),405
Israel-Arab War (1967),406
Israel-Arab War (1973),407
Israeli Intervention in Lebanon (1982-1985),408
Italo-Ethiopian War (1895-1896),409
Italo-Ethiopian War (1935-1936),410
"Itasca County Fair (Itasca County, Minnesota)",411
"Jackson, Battle of (Mississippi :  May 13, 1863)",412
Jacobite Rebellion (1715),413
Jacobite Rebellion (1745-1746),414
Jacquerie (1358),415
"Jankau, Battle of (Jankov, Středočeský kraj, Czech Republic : 1645)",416
"Jaroslawice, Battle of (I︠A︡roslavychi, Ternopilʹsʹka oblastʹ, Ukraine : 1914)",417
"Jersey, Battle of (1781)",418
Jews rescue (1939-1945 : World War),419
"Johnsonville, Battle of (New Johnsonville, Tennessee : 1864)",420
Jonestown Mass Suicide (Guyana : 1978),421
"Juchitán, Battle of (Juchitán de Zaragoza, Mexico : 1866)",422
"Juchitán, Battle of (Mexico : 1866)",423
Jugurthine War (111-105 B.C.),424
June in Buffalo (Festival),425
"Junior Livestock Show (South Saint Paul, Minnesota)",426
"Kalinin, Battle of (Tverʹ, Russia : 1941)",427
Kalmar War (1611-1613),428
Kandiyohi County Fair (Minnesota),429
"Kanizsa, Battle of (Nagykanizsa, Hungary : 1601)",430
Kanto Earthquake (Japan : 1923),431
"Kápolna, Battle of (Heves Megye, Hungary : 1849)",432
"Karameh, Battle of (Karāmah, Jordan : 1968)",433
"Karbalāʼ, Battle of (Iraq : 680)",434
Kawanakajima War (1553-1564),435
"Kemmel, Battles of (Belgium : 1918)",436
"Kent State Shootings (Kent, Ohio : 1970)",437
"Kernstown, 1st Battle of (Winchester, Virginia : 1862)",438
Kett's Rebellion (England : 1549),439
"Khafji, Battle of (Raʼs al-Khafjī, Saudi Arabia : 1991)",440
"Kharkov, Battle of (Kharkiv, Ukraine : 1942)",441
"Kharkov, Battle of (Kharkiv, Ukraine : 1943)",442
Kiel Regatta (Germany : 1907),443
Kiel Regatta (Germany : 1914),444
Kieler Woche,445
King Philip's War (1675-1676),446
Kingsport Press Strike (Tennessee : 1963-),447
"Kirchholm, Battle of (Salaspils, Latvia : 1605)",448
Kishiwada Bōseki Kabushiki Kaisha Strike (Japan : 1930),449
"Kliszow, Battle of (Kliszów, Poland : 1702)",450
"Kodziowce, Battle of (Kodzeŭtsy, Belarus : 1939)",451
Kohler Company Strike (Wisconsin : 1954-1960),452
Kolwezi Massacre (Congo : 1978),453
"Königgrätz, Battle of (Sadová, Czech Republic : 1866)",454
"Königsberg, Battle of (Kaliningrad, Kaliningradskai︠a︡ oblastʹ, Russia : 1945)",455
"Konotop, Battle of (Sumsʹka oblastʹ, Ukraine : 1659)",456
Korean resistance movements (1905-1945),457
Korean reunification question (1945- ),458
Korean War (1950-1953),459
"Korička jama Massacre (Korita, Bileća, Bosnia and Hercegovina : 1941)",460
Kosovo War (Serbia : 1998-1999),461
"Kosovo, Battle of (Kosovo : 1389)",462
"Kosovo, Battle of (Kosovo : 1448)",463
"Kosovo, Battle of (Serbia : 1389)",464
"Kosovo, Battle of (Serbia : 1389) in literature",465
"Kosovo, Battle of (Serbia : 1448)",466
Kotor Mutiny (Montenegro : 1918),467
Krasnodar Trial (Russia : 1943),468
Kristallnacht (1938),469
"Kunersdorf, Battle of (Kunowice, Poland : 1759)",470
Kwangju Piennalle,471
"La Palma, Battle of (Pinar del Río, Cuba : 1896)",472
"La Trinidad, Battle of (Honduras : 1827)",473
"Lagarde, Battle of (Lorraine, France : 1940)",474
"Langemarck, Battle of (Langemark, Belgium : 1914)",475
"Las Carreras, Battle of (Dominican Republic : 1849)",476
"Las Piedras, Battle of (Canelones, Uruguay : 1811)",477
Lausanne Disputation (Switzerland : 1536),478
"Le Hamel, Battle of (Amiens, France : 1918)",479
Leipzig Disputation (Germany : 1519),480
Leipzig Trials (Germany : 1921),481
"Lemberg, Battle of (Lʹviv, Ukraine : 1914)",482
"Lenino, Battle of (Mahili︠o︡ŭskai︠a︡ voblastsʹ, Belarus : 1943)",483
"Leuthen, Battle of (Lutynia, Poland : 1757)",484
"Lexington, Battle of (Missouri : 1861)",485
"Liegnitz, Battle of (Legnickie Pole, Poland : 1241)",486
Lincoln-Douglas Debates (Illinois : 1858),487
"Little Bighorn, Battle of the (Montana : 1876)",488
Little Rock Expedition (Arkansas : 1863),489
Livonian War (1557-1582),490
London Triathlon,491
"Long Island, Battle of (New York, New York : 1776)",492
"Loos, Battle of (Loos-en-Gohelle, France : 1915)",493
Loray Mill Strike (1929),494
Lord Dunmore's War (1774),495
"Lutsk, Battle of (Lut︠s︡ʹk, Ukraine : 1916)",496
"Macedonian War, 3rd (171-168 B.C.)",497
"Maciejowice, Battle of (Garwolin, Poland : 1794)",498
"Magdala, Battle of (Āmba Maryam, Ethiopia : 1868)",499
"Magnesia, Battle of (Manisa, Turkey : 190 B.C.)",500
Managua Earthquake (Nicaragua : 1972),501
"Mansurah, Battle of (Manṣūrah, Egypt : 1250)",502
"Marasesti, Battle of (Vrancea, Romania : 1917)",503
"Marasti, Battle of (Vrancea, Romania : 1917)",504
Maratha War (1803),505
"March on Washington for Lesbian, Gay, and Bi Equal Rights and Liberation",506
"Marcha por la Vida, la Coca y la Soberanía Nacional (Bolivia : 1994)",507
"Marignano, Battle of (Melegnano, Italy : 1515)",508
Marinette Knitting Mills Strike (Wisconsin : 1951),509
Martinsville Seven Trial (Virginia : 1949),510
Maseru Massacre (Lesotho : 1982),511
Meerut Communist Conspiracy Trial (India : 1929-1933),512
"Melitopol, Battle of (Melitopolʹ, Ukraine : 1943)",513
"Message to Man International Documentary, Short, and Animated Film Festival",514
Metal-Workers' Strike (Germany : 1928-1929),515
Metal-workers' Strike (United States : 1935),516
Mexican War (1846-1848),517
Miners' Revolt (Spain : 1934),518
"Miraflores, Battle of (Lima, Peru : 1881)",519
Miss Black America Pageant of Hudson County (New Jersey),520
"Monastir, Battle of (Bitola, Macedonia : 1912)",521
"Monmouth, Battle of (Freehold, New Jersey : 1778)",522
Monmouth's Rebellion (1685),523
Monongah Mines Disaster (W. Virginia : 1907),524
"Mons, 1st Battle of (Belgium : 1914)",525
"Montdidier, Battle of (Picardy, France : 1918)",526
"Morat, Battle of (Murten, Switzerland : 1476)",527
Moscow Trial (Russia : 1945),528
Moscow Trials (Russia : 1936-1937),529
Moscow Uprising (Russia : 1662),530
"Mossy Creek, Battle of (Jefferson City, Tennessee : 1863)",531
"Motorama (New York, etc.)",532
Mountain Meadows Massacre (Utah : 1857),533
Moura Mine Disaster (Queensland : 1994),534
Mud Run Disaster (1888),535
Mud Run Disaster (Pennsylvania : 1888),536
Mukden Incident (China : 1931),537
"Mukden, Battle of (Shenyang, Liaoning Sheng, China : 1905)",538
"Mumbai Terrorist Attacks (Mumbai, India : 2008)",539
"Muret, Battle of (Haute-Garonne, France : 1213)",540
"Musa Dagh, Defense of (Turkey : 1915)",541
"Myitkyina, Battle of (Myitkyinā, Burma : 1944)",542
"Nagyszeben, Battle of (Sibiu, Romania : March 11, 1849)",543
"Naoussa, Battle of (Ēmathia, Greece : 1949)",544
Napipi Expedition,545
Napoleonic Wars (1800-1815),546
National Agricultural Outlook Conference (United States),547
National Book Festival (United States),548
"National Cherry Festival (Traverse City, Michigan)",549
"National Cherry Festival (Traverse City, Mighigan)",550
National Conference on Public Health Training (United States),551
National Eucharistic Congress (United States),552
National March on Washington for Lesbian and Gay Rights,553
"Navarino, Battle of (Pylos, Greece : 1827)",554
Nedlaw Sculpture Exhibition,555
"Neshoba County Fair (Neshoba County, Mississippi)",556
Neuropsychiatric Institute (United States),557
New York Shakespeare Festival Productions,558
New York World's Fair,559
Newport Uprising (Wales : 1839),560
"Nicopolis, Battle of (Nikopol, Bulgaria : 1396)",561
"North American International Auto Show (Detroit, Michigan)",562
"North American International Auto Show (Detroit, Mighigan)",563
"North Shore Music Festival (Evanston, Illinois)",564
Northern Rebellion (Great Britain : 1569),565
Northern War (1700-1721),566
Northern War (New Zealand : 1845-1846),567
"Northwest Sports, Travel, and Boat Show (Minneapolis, Minnesota)",568
"Novembrada (Florianópolis, Santa Catarina, Brazil : 1979)",569
"Novi, Battle of (Novi Ligure, Italy : 1799)",570
Novocherkasskiĭ ėlektrovozostroitelʹnyĭ zavod Strike (Russia : 1962),571
Nuremberg Medical Trial (Germany : 1946-1947),572
Nuremberg Trial of Major German War Criminals (Germany : 1945-1946),573
Nuremberg War Crime Trials (Germany : 1946-1949),574
"Ochakov, Battle of (Ochakiv, Ukraine : 1737)",575
"Odawara, Battle of (Odawara-shi, Japan : 1590)",576
"Odessa, Battle of (Odesa, Ukraine : 1941)",577
"Odessa, Battle of (Odesa, Ukraine : 1944)",578
Oklahoma City Federal Building Bombing (Oklahoma : 1995),579
"Ole Time Fiddler's & Bluegrass Festival (Union Grove, N.C.)",580
"Oltenitza, Battle of (Oltenița, Romania : 1853)",581
Operation Crossroads (Marshall Islands : 1946),582
Operation Desert Shield (1990-1991),583
Operation Grapple (Kiribati : 1956-1958),584
Operation Sandstone (Marshall Islands : 1948),585
Orangeburg Massacre (South Carolina : 1968),586
Oregon Irrigation Congress.Annual Session,587
"Orel, Battle of (Orlovskai︠a︡ oblastʹ, Russia : 1943)",588
Ōsaka Kikai Kōsakujo Strike (Japan : 1934),589
Österreichisch-Ungarische Polarexpedition,590
"Ostroleka, Battle of (Ostrołęka, Poland : 1831)",591
"Ostroleka, Battle of (Województwo Mazowieckie, Poland : 1831)",592
Pacem in Terris Convocation,593
"Pachuca, Battle of (Mexico : 1861)",594
"Pacific National Exhibition (Vancouver, British Columbia)",595
"Pakosław, Battle of (Radom, Poland : 1915)",596
Palmyra Massacre (Missouri : 1862),597
"Palmyra Massacre (Palmyra, Missouri : 1862)",598
Pan Am Flight 103 Bombing Incident (1988),599
Pan American Flight 806 Crash (American Samoa : 1974),600
Paneriai Massacres (Lithuania : 1941-1944),601
"Panipat, Battle of (Pānīpat, India : 1526)",602
"Panipat, Battle of (Pānīpat, India : 1556)",603
"Panipat, Battle of (Pānīpat, India : 1761)",604
"Panther Incident (Itajaí, Santa Catarina, Brazil : 1905-1906)",605
Paraguayan War (1865-1870),606
Paris Disputation (France : 1240),607
Paris Disputation (France : 1269),608
Paris Peace Conference (1910-1920),609
Paris Peace Conference (1919-1920),610
Partners in Mission Consultation (1977),611
Pastry War (1838-1839),612
"Pearl Harbor, Attack on (Hawaii : 1941)",613
Peary Arctic Expedition,614
Peary Relief Expedition,615
Peasant Uprising (Burma : 1930),616
Peasants' War (1524-1525),617
Peninsular War (1807-1814),618
"Periyapatna, Battle of (Piriyāpatna, India : 1799)",619
Persian Gulf War (1991),620
"Pilot Knob, Battle of (Missouri : 1864)",621
"Piqua, Battle of (Clark County, Ohio : 1780)",622
"Plassey, Battle of (Palāshi, India : 1757)",623
"Plataea, Battle of (Plataiai, Greece : 479 B.C.)",624
"Plattsburg, Battle of (Plattsburgh, New York : 1814)",625
"Plymouth, Battle of (North Carolina : 1864)",626
Polish-Teutonic Knights' War (1409-1411),627
Ponce Massacre (Puerto Rico : 1937),628
Pontiac's Conspiracy (1763-1765),629
Port Chicago Mutiny (California : 1944),630
Portella della Ginestra Massacre (Italy : 1947),631
Powder River Expedition (1865),632
"Praça da Sé, Battle of (São Paulo, Brazil : 1934)",633
"Praia, Battle of (Praia da Vitória, Azores : 1829)",634
"Preston, Battle of (Lancashire, England : 1648)",635
Proposed Invasion of England (1793-1805 : Napoleonic Wars),636
"Puca Urco, Battle of (Putumayo, Peru : 1933)",637
"Puebla, Battle of (Puebla de Zaragoza, Mexico : 1862)",638
"Punic War, 2nd (218-201 B.C.)",639
Pwllheli Disaster (Wales : 1899),640
"Pydna, Battle of (Pydna : 168 B.C.)",641
"Pyri︠a︡tyn, Battle of (Lʹvivsʹka oblastʹ, Ukraine : 1944)",642
Québec Campaign (1759),643
Queen Anne's War (United States : 1702-1713),644
RAGBRAI (Bicycle tour),645
"Rebellion, Jews (66-73)",646
Reconstruction (1914-1939),647
Reconstruction (1939-1951),648
Red River War (1874-1875),649
Rehoboth Basters Rebellion (Namibia : 1925),650
Resolis Riot (Scotland : 1843),651
Restitution and indemnification claims (1933- ),652
Review Conference of the Parties to the Treaty on the Non-proliferation of Nuclear Weapons,653
"Revolution (Caucasus, South : 1905-1907)",654
Revolution (Kingdom of the Two Sicilies : 1820-1821),655
"Revolution (Rio Grande do Sul (State), Brazil : 1923)",656
Revolution (Russia : 1905-1907),657
"Revolution of the Farrapos (Rio Grande do Sul (State), Brazil : 1835-1845)",658
"Rhode Island, Battle of (Rhode Island : 1778)",659
Riel Rebellion (1885),660
Rif Revolt (1921-1926),661
Riom Trial (France : 1942),662
"Rivas, Battle of (Nicaragua : 1856)",663
"River Raisin, Battle of the (Monroe, Michigan : 1813)",664
"Rivoli, Battle of (Rivoli Veronese, Italy : 1797)",665
RoboCup (Conference),666
Rock Springs Massacre (Wyoming : 1885),667
Ronchamp Mine Disaster (France : 1950),668
"Roosebeke, Battle of (Rozebeke, Belgium : 1382)",669
"Rosetta, Battle of (Egypt : 1807)",670
"Rossbach, Battle of (Merseburg-Querfurt, Germany : 1757)",671
"Rossini Opera Festival (Pesaro, Italy)",672
Roswell Incident (New Mexico : 1947),673
Russo-Finnish War (1939-1940),674
Russo-Japanese War (1904-1905),675
Russo-Polish War (1658-1667),676
Russo-Polish War (1919-1920),677
Russo-Swedish War (1788-1790),678
Russo-Turkish War (1736-1739),679
Russo-Turkish War (1768-1774),680
Russo-Turkish War (1806-1812),681
Russo-Turkish War (1828-1829),682
Russo-Turkish War (1877-1878),683
Ryder Cup (Golf tournament),684
"Saint Anthony's Italian Festival (Wilmington, Delaware)",685
"Saint Bartholomew's Day (Massacre of, France : 1572)",686
"Saint Fagans, Battle of (St. Fagans, Wales : 1648)",687
"Saint Lucia, Battle of (Saint Lucia : 1778)",688
"Saint-Denis, Battle of (Saint-Hyacinthe, Québec : 1837)",689
"Sainte-Foy, Battle of (Québec, Québec : 1760)",690
"Saint-Quentin, Battle of (Aisne, France : 1557)",691
"Salamis, Battle of (Greece : 480 B.C.)",692
Salem Raid (Virginia : 1863),693
San Fernando Earthquake (California : 1971),694
San Francisco Earthquake and Fire (California : 1906),695
"San Gennaro Festival (New York, New York)",696
"San Martino, Battle of (San Martino della Battaglia, Italy : 1859)",697
"San Pietro, Battle of (San Pietro Infine, Italy : 1943)",698
"San Romano, Battle of (Italy : 1432)",699
"Santa Cruz Massacre (Dili, Timor-Leste : 1991)",700
"Santa Gertrudis, Battle of (Ciudad Camargo, Tamaulipas, Mexico : 1866)",701
"Santa Inés, Battle of (Barinas, Venezuela : 1859)",702
"Santa Rosa, Battle of (Costa Rica : 1856)",703
"Santiago, Battle of (Santiago de Cuba, Cuba : 1898)",704
"Santiago, Battle of (Santiago de los Caballeros, Dominican Republic : 1844)",705
"Santomé, Battle of (Dominican Republic : 1855)",706
"Sardarabad, Battle of (Armavir, Armenia : 1918)",707
Satsuma Rebellion (1877),708
Scanian War (1675-1679),709
"Schirwindt, Battle of (Kutuzovo, Krasnoznamenskiĭ raĭon, Russia : 1914)",710
"Schism, The Great Western (1378-1417)",711
Schleswig-Holstein War (1848-1850),712
Schleswig-Holstein War (1864),713
Schmalkaldic War (1546-1547),714
Schweizerische Landesausstellung,715
Scottsboro Trial (Alabama : 1931),716
"Second Coalition, War of the (1798-1801)",717
Selma to Montgomery Rights March,718
Seminário de Professores de Direito Econômico,719
"Seminole War, 2nd (1835-1842)",720
"Seminole War, 3rd (1855-1858)",721
September 11 Terrorist Attacks (2001),722
Serbo-Bulgarian War (1885),723
"Sevastopol, Battle of (Sevastopolʹ, Ukraine : 1944)",724
"Seven Reductions, War of the (1754-1756)",725
Seven Years' War (1756-1763),726
Shanghai Trial (China : 1946),727
Sharpeville Massacre (South Africa : 1960),728
Shearers' Strike (Queensland : 1891),729
"Shimonita, Battle of (Shimonita-machi, Japan : 1864)",730
Shobashobane Massacre (South Africa : 1995),731
Sicilian Vespers (Italy : 1282),732
Siege of Ērakleion (Greece : 1648-1669),733
Siege of Jadidah (Morocco : 1562),734
Siege of Puebla de Zaragoza (Mexico : 1863),735
"Sievershausen, Battle of (Hannover, Germany : 1553)",736
Sikh War (1845-1846),737
"Silesian War, 2nd (1744-1745)",738
"Silk Workers' Strike (Paterson, New Jersey : 1913)",739
Sinai Campaign (1956),740
Sino-French War (1884-1885),741
Sino-Indian Border Dispute (1957-),742
Sino-Japanese War (1894-1895),743
Sino-Japanese War (1937-1945),744
Sino-Japanese War (1937-1945)Armistices,745
Sino-Japanese War (1937-1945)Peace,746
Sino-Vietnamese Conflict (1979),747
"Slave Insurrection (Charleston, South Carolina : 1822)",748
"Sleepy Lagoon Trial (Los Angeles, California : 1942-1943)",749
"Slivnitsa, Battle of (Slivnit︠s︡a, Bulgaria : 1885)",750
Somali-Ethiopian Conflict (1977-1979),751
Somali-Ethiopian Conflict (1979-),752
"Somme, 1st Battle of the (France : 1916)",753
South African War (1899-1902),754
Southampton Insurrection (1831),755
Southeast Pacific Expedition,756
"Spanish Succession, War of (1701-1714)",757
Spanish-American War (1898),758
Spanish-Moroccan War (1859-1860),759
"Spring Hill, Battle of (Maury County, Tennessee : 1864)",760
Springhill Mine Disaster (Nova Scotia : 1958),761
"Stalingrad, Battle of (Volgograd, Russia : 1942-1943)",762
"Stephenson, Fort, Ohio, Defense of (1813)",763
Stock Market Crash (1987),764
Stocznia Gdańska im. Lenina Strike (Poland : 1980),765
"Stones River, Battle of (Murfreesboro, Tennessee : 1862-1863)",766
"Stonewall Riots (New York, New York : 1969)",767
Stratford Festival (Ontario),768
"Suffolk Peanut Festival (Suffolk, Virginia)",769
Sullivan's Indian Campaign (1779),770
"Sunomata, Battle of (Sunomata-chō, Japan : 1181)",771
Svenska sydpolar-expeditionen,772
Swabian War (1499),773
Swedish-Polish War (1617-1629),774
Swedish-Polish War (1655-1660),775
Syrian War (192-188 B.C.),776
"Talavera, Battle of (Talavera de la Reina, Spain : 1809)",777
"Tampico, Battle of (Tamaulipas, Mexico : 1829)",778
"Tannenberg, Battle of (Poland : 1410)",779
"Tannenberg, Battle of (Stębark, Poland : 1914)",780
Tʻbilisi Massacre (Georgia : 1989),781
"Tenochtitlán, Battle of (Mexico City, Mexico : 1521)",782
"Textile General Strike (Mumbai, India : 1966)",783
"Textile Workers' Strike (Mumbai, India : 1982-)",784
"Textile Workers' Strike (Río Blanco, Veracruz-Llave, Mexico : 1907)",785
Thirty Years' War (1618-1648),786
"Thompson's Station, Battle of (Thompsons Station, Tennessee : 1863)",787
"Three Rivers Arts Festival (Pittsburgh, Pa.)",788
"Three Rivers Shakespeare Festival (Pittsburgh, Pennsylvania)",789
Tianjin Massacre (China : 1870),790
Tokyo Trial (Japan : 1946-1948),791
Toledo War (1835),792
"Torfou, Battle of (Pays de la Loire, France : 1793)",793
"Torreón, Battle of (Coahuila, Mexico : 1914)",794
Tortosa Disputation (Spain : 1413-1414),795
Trail of Tears (1838-1839),796
"Trautenau, Battle of (Trutnov, Czech Republic : 1866)",797
"Tre Cime di Lavaredo, Battles of (Italy : 1915-1917)",798
Trent Affair (1861),799
Triennale internazionale degli strumenti ad arco (Exhibition),800
"Trinidad, Battle of (Honduras : 1827)",801
"Tsaritsyn, Battle of (Volgograd, Russia : 1918-1919)",802
"Tucumán, Battle of (San Miguel de Tucumán, Argentina : 1812)",803
Turco-Italian War (1911-1912),804
Turco-Montenegrin War (1858),805
Turco-Polish War (1620-1621),806
Turco-Polish Wars (1683-1699),807
U.S. Army's Punitive Expedition into Mexico (1916),808
"Ulqin, Battle of (Ulcinj, Montenegro : 1880)",809
Umarian Jihad (1852-1863),810
"Union Station Massacre (Kansas City, Missouri : 1933)",811
"United Fruit Company Strike (Ciénaga, Magdalena, Colombia : 1928)",812
United States Darien Exploring Expedition (1870),813
Universiade,814
"Uprising (Bordeaux (Aquitaine), France : 1652-1653)",815
"Uprising of 1959 (Tibet Autonomous Region, China)",816
Uruguay Round (1987-1994),817
USAir Flight 427 Crash (Pennsylvania : 1994),818
"Utrecht, Union of (1579)",819
"Valverde, Battle of (Val Verde, New Mexico : 1862)",820
V-E Day (1945),821
Vellore Mutiny (India : 1806),822
Verona Trial (Italy : 1943-1944),823
"Vertières, Battle of (Haiti : 1803)",824
Victoria University of Wellington Antarctic Expedition,825
Vietnam Moratorium (1969),826
Vietnam War (1961-1975),827
Vietnam War (1961-1975)Evacuation of civilians,828
Vietnam War (1961-1975)Peace,829
"Villa Montes, Battle of (Villamontes, Bolivia : 1935)",830
"Vinegar Hill, Battle of (New South Wales : 1804)",831
Vinnytsia Massacre (Ukraine : 1937-1938),832
Vlorë Uprising (Albania : 1920),833
"Volkovysk, Battle of (Vaŭkavysk, Belarus : 1920)",834
Vserossīĭskai︠a︡ vystavka pechatnago di︠e︡la,835
Vystavka v pami︠a︡tʹ Otechestvennoĭ voĭny 1812 goda,836
"Wagram, Battle of (Deutsch-Wagram, Austria : 1809)",837
"Walworth County Fair (Elkhorn, Wisconsin)",838
War of the Pacific (1879-1884),839
War on Terrorism (2001-2009),840
"Ware Mutiny (Hertfordshire, England : 1647)",841
Wars of Liberation (1813-1814),842
Watergate Affair (1972-1974),843
"Waterloo, Battle of (Belgium : 1815)",844
"West Stanley Colliery Explosion (Derwentside, England : 1909)",845
"Westminster Conference (London, England : Puritans)",846
"Westport, Battle of (Kansas City, Missouri : 1864)",847
"Westport, Battle of (Missouri : 1864)",848
"Westray Mine Disaster (Plymouth, Pictou, Nova Scotia : 1992)",849
"Whitehall, Battle of (Seven Springs, North Carolina : 1862)",850
Whitwick Colliery Disaster (England : 1898),851
"Wilson's Creek, Battle of (Missouri : 1861)",852
"Winchester, 2nd Battle of (Virginia : 1863)",853
"Winchester, 3rd Battle of (Virginia : 1864)",854
WoodWorks (Washington),855
World Cup (Cricket),856
World Day of Prayer,857
World Food Conference,858
World War (1914-1918),859
World War (1939-1945),860
Wounded Knee Massacre (South Dakota : 1890),861
Wyoming Massacre (1778),862
"Yanacocha, Battle of (Peru : 1835)",863
Yokohama Trials (Japan : 1945-1949),864
"York Fair (York, Pennsylvania)",865
"York, Battle of (Toronto, Ontario : 1813)",866
"Ypres, 1st Battle of (Ieper, Belgium : 1914)",867
"Ypres, 2nd Battle of (Ieper, Belgium : 1915)",868
"Ypres, 3rd Battle of (Ieper, Belgium : 1917)",869
Yugoslav War (1991-1995),870
"Zacatecas, Battle of (Mexico : 1872)",871
"Zacatecas, Battle of (Mexico : 1914)",872
"Zacatecas, Battle of (Zacatecas, Mexico : 1914)",873
"Zbaraz︠h︡, Battle of (Ternopilʹsʹka oblastʹ, Ukraine : 1920)",874
"Zborov, Battle of (Zboriv, Ukraine : 1917)",875
"Zhengzhou, Battle of (Zhengzhou Shi, China : 1948)",876
Zip to Zap Riot (North Dakota : 1969),877
"Znaim, Battle of (Znojmo, Czech Republic : 1809)",878
"Zorndorf, Battle of (Sarbinowo, Poland : 1758)",879
Zulu War (1879),880
